rating,confidence
1,0.9896736428851173
2,0.9983590841293334
3,0.9072222908337911
4,0.9581533769766489
5,0.966575700044632
